t_iso,latitude_deg,longitude_deg
2026-09-04T07:22:30Z,18.51089000,73.88475500
2026-09-04T07:22:31Z,18.51093491,73.88475262
2026-09-04T07:22:32Z,18.51097982,73.88475025
2026-09-04T07:22:33Z,18.51102473,73.88474787
2026-09-04T07:22:34Z,18.51106964,73.88474550
2026-09-04T07:22:35Z,18.51111455,73.88474312
2026-09-04T07:22:36Z,18.51115946,73.88474075
2026-09-04T07:22:37Z,18.51120437,73.88473837
2026-09-04T07:22:38Z,18.51124928,73.88473600
2026-09-04T07:22:39Z,18.51129419,73.88473362
2026-09-04T07:22:40Z,18.51133910,73.88473125
2026-09-04T07:22:41Z,18.51138401,73.88472887
2026-09-04T07:22:51Z,18.51182914,73.88478024
2026-09-04T07:22:52Z,18.51187354,73.88478776
2026-09-04T07:22:53Z,18.51191794,73.88479528
2026-09-04T07:22:54Z,18.51196119,73.88480767
2026-09-04T07:22:55Z,18.51200380,73.88482282
2026-09-04T07:22:56Z,18.51204527,73.88484091
2026-09-04T07:22:57Z,18.51208571,73.88486165
2026-09-04T07:22:58Z,18.51212615,73.88488238
2026-09-04T07:22:59Z,18.51216573,73.88490484
2026-09-04T07:23:00Z,18.51220481,73.88492829
2026-09-04T07:23:01Z,18.51224389,73.88495174
2026-09-04T07:23:02Z,18.51228327,73.88497383
2026-09-04T07:23:03Z,18.51232812,73.88497038
2026-09-04T07:23:04Z,18.51237296,73.88496693
2026-09-04T07:23:05Z,18.51241781,73.88496348
2026-09-04T07:23:06Z,18.51246266,73.88496003
2026-09-04T07:23:07Z,18.51250750,73.88495658
2026-09-04T07:23:08Z,18.51255235,73.88495313
2026-09-04T07:23:09Z,18.51259720,73.88494968
2026-09-04T07:23:10Z,18.51264205,73.88494629
2026-09-04T07:23:11Z,18.51268690,73.88494296
2026-09-04T07:23:12Z,18.51273176,73.88493964
2026-09-04T07:23:13Z,18.51277661,73.88493631
2026-09-04T07:23:14Z,18.51282147,73.88493298
2026-09-04T07:23:15Z,18.51286632,73.88492965
2026-09-04T07:23:16Z,18.51291118,73.88492633
2026-09-04T07:23:17Z,18.51295603,73.88492300
2026-09-04T07:23:18Z,18.51300085,73.88491921
2026-09-04T07:23:19Z,18.51304562,73.88491474
2026-09-04T07:23:20Z,18.51309038,73.88491026
2026-09-04T07:23:21Z,18.51313300,73.88490600
