candidate,interval_id,endpoint_error_m,truth_path_length_m,drift_ratio,fallback
seed_gyro,S-Vta11:mid,123.65281194019988,209.7596573303465,0.5894975874481975,
seed_gyro,S-Vta29:mid,142.69723029016393,273.61093501719745,0.5215333600654334,
seed_gyro,S-Vta29:d1000,410.2268892035858,1025.439038789527,0.400050001692773,
seed_gyro,S-Vta6:mid,26.802854612446676,537.527157242796,0.04986325667698326,
seed_gyro,S-Vta8:mid,63.11695791731427,327.7424888347896,0.19258094408726678,
seed_gyro,S-Vta8:d1000,567.8482610447558,1064.0610495257522,0.533661354579085,
seed_gyro,S-Vtb2:mid,124.32681049673342,305.5165153183739,0.40693973734013833,
seed_gyro,S-Vtb2:d1000,252.18486512183017,1091.7040740018465,0.231001121208057,
seed_gyro,S-Vtb7:mid,119.08122025720866,320.0679478955914,0.3720498132979372,
seed_gyro,S-Vw3:mid,153.3216014274546,382.68167282773726,0.400650494429274,
seed_gyro,S-Vw3:d1000,517.996279492588,1125.8327025681074,0.46010058005154786,
mlp_8,S-Vta11:mid,169.85032730475237,209.7596573303465,0.8097378183511156,
mlp_8,S-Vta29:mid,89.71151049813554,273.61093501719745,0.3278798432982835,
mlp_8,S-Vta29:d1000,436.08314103664344,1025.439038789527,0.42526481296383545,
mlp_8,S-Vta6:mid,219.57203864760262,537.527157242796,0.408485479643262,
mlp_8,S-Vta8:mid,198.03119349918407,327.7424888347896,0.6042280151201538,
mlp_8,S-Vta8:d1000,1101.6166080930893,1064.0610495257522,1.0352945524921484,
mlp_8,S-Vtb2:mid,123.15222076365208,305.5165153183739,0.4030951342689842,
mlp_8,S-Vtb2:d1000,157.58909429427976,1091.7040740018465,0.14435147586892053,
mlp_8,S-Vtb7:mid,132.33807396967413,320.0679478955914,0.4134686863829421,
mlp_8,S-Vw3:mid,109.73823844041944,382.68167282773726,0.2867611548510652,
mlp_8,S-Vw3:d1000,809.2103694786915,1125.8327025681074,0.7187660898753634,
mlp_16,S-Vta11:mid,177.4118552261647,209.7596573303465,0.8457863513133135,
mlp_16,S-Vta29:mid,68.7433383813659,273.61093501719745,0.25124485019959136,
mlp_16,S-Vta29:d1000,527.7252611344524,1025.439038789527,0.5146334800724988,
mlp_16,S-Vta6:mid,202.06538618054262,537.527157242796,0.3759166089710172,
mlp_16,S-Vta8:mid,198.72378723716588,327.7424888347896,0.6063412404771839,
mlp_16,S-Vta8:d1000,1072.3143645377743,1064.0610495257522,1.007756429967717,
mlp_16,S-Vtb2:mid,113.19822455037863,305.5165153183739,0.3705142565940063,
mlp_16,S-Vtb2:d1000,179.53346415379823,1091.7040740018465,0.16445249993039285,
mlp_16,S-Vtb7:mid,122.60825459287672,320.0679478955914,0.38306945571717316,
mlp_16,S-Vw3:mid,124.46611697509684,382.68167282773726,0.32524713309467734,
mlp_16,S-Vw3:d1000,929.028785842866,1125.8327025681074,0.8251925741042011,
mlp_24,S-Vta11:mid,170.42098650987668,209.7596573303465,0.8124583567634452,
mlp_24,S-Vta29:mid,96.924101170581,273.61093501719745,0.35424059774690275,
mlp_24,S-Vta29:d1000,546.5111046034876,1025.439038789527,0.5329532853055927,
mlp_24,S-Vta6:mid,192.75352160013202,537.527157242796,0.35859308502447823,
mlp_24,S-Vta8:mid,188.4310458996486,327.7424888347896,0.5749362756399707,
mlp_24,S-Vta8:d1000,1060.6499491584832,1064.0610495257522,0.9967942625389875,
mlp_24,S-Vtb2:mid,126.68795295372632,305.5165153183739,0.41466810009176375,
mlp_24,S-Vtb2:d1000,397.73219702886314,1091.7040740018465,0.3643223530080831,
mlp_24,S-Vtb7:mid,133.12984851938262,320.0679478955914,0.41594245657740964,
mlp_24,S-Vw3:mid,89.62879516525278,382.68167282773726,0.23421240558232548,
mlp_24,S-Vw3:d1000,674.4797771660737,1125.8327025681074,0.5990941421647601,
mlp_32,S-Vta11:mid,177.47415203989897,209.7596573303465,0.8460833427106448,
mlp_32,S-Vta29:mid,84.11135980590561,273.61093501719745,0.3074122742960507,
mlp_32,S-Vta29:d1000,586.8499894490251,1025.439038789527,0.5722914451762714,
mlp_32,S-Vta6:mid,200.05808125608547,537.527157242796,0.37218227685884364,
mlp_32,S-Vta8:mid,202.51759235324863,327.7424888347896,0.6179168074095358,
mlp_32,S-Vta8:d1000,1052.7334438692917,1064.0610495257522,0.9893543649008587,
mlp_32,S-Vtb2:mid,127.40171346208093,305.5165153183739,0.4170043420707311,
mlp_32,S-Vtb2:d1000,369.44952301660794,1091.7040740018465,0.3384154477525409,
mlp_32,S-Vtb7:mid,127.24074417383075,320.0679478955914,0.3975429124047674,
mlp_32,S-Vw3:mid,112.22031548451638,382.68167282773726,0.29324716455661554,
mlp_32,S-Vw3:d1000,773.2554885173979,1125.8327025681074,0.6868298342671564,
tcn_8,S-Vta11:mid,171.574704780597,209.7596573303465,0.8179585481987475,
tcn_8,S-Vta29:mid,97.60297657418602,273.61093501719745,0.3567217683315592,
tcn_8,S-Vta29:d1000,638.0307712847174,1025.439038789527,0.6222025368157201,
tcn_8,S-Vta6:mid,272.34034612082013,537.527157242796,0.5066541149618726,
tcn_8,S-Vta8:mid,242.06413994754115,327.7424888347896,0.738580282367851,
tcn_8,S-Vta8:d1000,1031.0048844387813,1064.0610495257522,0.9689339581580363,
tcn_8,S-Vtb2:mid,96.2003774510924,305.5165153183739,0.31487783025687993,
tcn_8,S-Vtb2:d1000,97.50041474032541,1091.7040740018465,0.08931029668408154,
tcn_8,S-Vtb7:mid,142.57903637992823,320.0679478955914,0.4454648999294319,
tcn_8,S-Vw3:mid,218.2383811392706,382.68167282773726,0.5702869947406909,
tcn_8,S-Vw3:d1000,791.1362865910189,1125.8327025681074,0.7027121212471256,
tcn_16,S-Vta11:mid,170.3220655956473,209.7596573303465,0.8119867650594523,
tcn_16,S-Vta29:mid,113.05130974669446,273.61093501719745,0.4131827177871702,
tcn_16,S-Vta29:d1000,727.085699644189,1025.439038789527,0.7090481951052621,
tcn_16,S-Vta6:mid,133.60193812359452,537.527157242796,0.24854918737296056,
tcn_16,S-Vta8:mid,224.7340232876764,327.7424888347896,0.6857030471900812,
tcn_16,S-Vta8:d1000,1038.202281305021,1064.0610495257522,0.9756980407916854,
tcn_16,S-Vtb2:mid,103.01965729359857,305.5165153183739,0.337198325223903,
tcn_16,S-Vtb2:d1000,257.4747986098187,1091.7040740018465,0.23584669576801748,
tcn_16,S-Vtb7:mid,105.00623859961635,320.0679478955914,0.3280748331409623,
tcn_16,S-Vw3:mid,182.3016120792879,382.68167282773726,0.476379259900827,
tcn_16,S-Vw3:d1000,649.4550207385137,1125.8327025681074,0.5768663667852771,
tcn_24,S-Vta11:mid,179.63645402418203,209.7596573303465,0.8563918167604364,
tcn_24,S-Vta29:mid,92.7749036528446,273.61093501719745,0.3390760082268399,
tcn_24,S-Vta29:d1000,728.518594274352,1025.439038789527,0.7104455425593384,
tcn_24,S-Vta6:mid,40.91148750416359,537.527157242796,0.07611054986322162,
tcn_24,S-Vta8:mid,198.2247865135557,327.7424888347896,0.6048187014698544,
tcn_24,S-Vta8:d1000,1034.041820400606,1064.0610495257522,0.9717880575193258,
tcn_24,S-Vtb2:mid,121.33620122170055,305.5165153183739,0.39715103812066604,
tcn_24,S-Vtb2:d1000,307.1169021769638,1091.7040740018465,0.2813188202652474,
tcn_24,S-Vtb7:mid,115.20617381652961,320.0679478955914,0.35994286392622715,
tcn_24,S-Vw3:mid,218.63909830046367,382.68167282773726,0.5713341239596892,
tcn_24,S-Vw3:d1000,523.4186754023929,1125.8327025681074,0.4649169225662359,
tcn_32,S-Vta11:mid,183.73733993743568,209.7596573303465,0.8759422201385046,
tcn_32,S-Vta29:mid,44.964783033519424,273.61093501719745,0.1643383990873509,
tcn_32,S-Vta29:d1000,647.2134825462275,1025.439038789527,0.6311574438498329,
tcn_32,S-Vta6:mid,18.357025612074853,537.527157242796,0.034150880313165564,
tcn_32,S-Vta8:mid,143.0161122648696,327.7424888347896,0.43636732232469877,
tcn_32,S-Vta8:d1000,1026.0105762153821,1064.0610495257522,0.9642403287599626,
tcn_32,S-Vtb2:mid,118.66832428529206,305.5165153183739,0.3884186887953658,
tcn_32,S-Vtb2:d1000,52.23424965710613,1091.7040740018465,0.04784652810319895,
tcn_32,S-Vtb7:mid,116.12688945852939,320.0679478955914,0.3628194894929338,
tcn_32,S-Vw3:mid,153.96054607223644,382.68167282773726,0.4023201449251039,
tcn_32,S-Vw3:d1000,446.4764148180712,1125.8327025681074,0.3965743878283386,
