interval_id,endpoint_error_m,truth_path_length_m,drift_ratio,road_states,fallback
S-Vta11:mid,96.60418207766064,209.7596573303465,0.4605470055927892,34,
S-Vta29:mid,147.79797151808307,273.61093501719745,0.5401756750284612,52,
S-Vta29:d1000,522.8688094196658,1025.439038789527,0.5098975069613918,110,
S-Vta6:mid,24.292773516062194,537.527157242796,0.045193574294311194,35,
S-Vta8:mid,59.21538307518298,327.7424888347895,0.18067655275856723,49,
S-Vta8:d1000,565.6368389583183,1064.0610495257524,0.531583069609042,47,
S-Vtb2:mid,74.91198547126696,305.5165153183739,0.24519782635384663,53,
S-Vtb2:d1000,232.9948211990666,1091.7040740018465,0.21342305735379394,41,
S-Vtb7:mid,71.70189083938448,320.0679478955914,0.2240208409208603,29,
S-Vw3:mid,152.47155616882557,382.68167282773726,0.39842920890925465,37,
S-Vw3:d1000,481.66577400821853,1125.8327025681074,0.4278306829331777,35,
