interval_id,endpoint_error_m,truth_path_length_m,drift_ratio,road_states,fallback
S-Vta11:mid,151.18662069012305,209.7596573303465,0.7207611921868375,162,
S-Vta29:mid,63.18587538459109,273.61093501719745,0.23093329724054937,229,
S-Vta29:d1000,673.7521738541915,1025.439038789527,0.6570377646725035,1078,
S-Vta6:mid,24.292773516062194,537.527157242796,0.045193574294311194,0,offline map missing: 518f3eaeb0e7e0c78b8e740c5482fbde11cb67d23c776e00f35688f10149172e
S-Vta8:mid,88.1484145364906,327.7424888347895,0.26895632253810403,245,
S-Vta8:d1000,900.3088108137937,1064.0610495257524,0.8461063500210421,1036,
S-Vtb2:mid,83.80056788196183,305.5165153183739,0.2742914496606987,236,
S-Vtb2:d1000,229.2406891470141,1091.7040740018465,0.2099842755983215,767,
S-Vtb7:mid,64.48597247537306,320.0679478955914,0.201475883165936,149,
S-Vw3:mid,26.390392614296424,382.68167282773726,0.06896173631543615,218,
S-Vw3:d1000,574.735301647965,1125.8327025681074,0.5104979632737185,626,
