interval_id,drift_ratio,road_states,fallback_states,overlay_reasons,fallback,map_sha256,segment_count,raw_spread_end_m,dominant_mass_end
S-Vta11:mid,0.7207611921868375,162,0,"{""road"": 162}",,d82e118da15677e04d44002c1de4cf956e49a9f66f748718f5f11e4274181087,208871,34.55676952305961,0.38671875
S-Vta29:mid,0.23093329724054937,229,0,"{""road"": 229}",,99f3c29c18268b74d677643bde5b41018e03b658584d4dcf61418c5fc918c2d4,179686,22.045984374472862,0.41015625
S-Vta29:d1000,0.6570377646725035,1078,0,"{""road"": 1078}",,832df9f6f8067f66eaf17e245ebd3e36ab037f85347de4f25430960fe2423292,176182,1.3192247773236585,1.0000000000000002
S-Vta6:mid,0.022799410453220707,237,0,"{""road"": 237}",,c75ef754aad3441fd1ed172fa5795effc06867169ced6eb54bc2649387ff5687,268862,80.29271743614937,0.1640625
S-Vta8:mid,0.26895632253810403,245,0,"{""road"": 245}",,aab19e10cbf8fee28d4bb30d12471d2cc2559d79f8c0968917edede0010bf83b,311179,80.00125951330314,0.146484375
S-Vta8:d1000,0.8461063500210421,1036,0,"{""road"": 1036}",,aab19e10cbf8fee28d4bb30d12471d2cc2559d79f8c0968917edede0010bf83b,311179,108.23013171377971,0.25390625
S-Vtb2:mid,0.2742914496606987,236,0,"{""road"": 236}",,6c6394d88fae6929b74d589b8b7b667f82863a497086ae39e67d6cf37c0c9d5b,181283,73.53758420312296,0.162109375
S-Vtb2:d1000,0.2099842755983215,767,0,"{""road"": 767}",,6c6394d88fae6929b74d589b8b7b667f82863a497086ae39e67d6cf37c0c9d5b,181283,50.3343886651041,0.201171875
S-Vtb7:mid,0.201475883165936,149,0,"{""road"": 149}",,c1e9fe271e35ce23a414e8541a6e7150de150c66e29bfe9c2571f998fe1e6281,313491,45.71846700628532,0.2734375
S-Vw3:mid,0.06896173631543615,218,0,"{""road"": 218}",,4d10e2b1b15771a3d02e35e2c564703fe507cc93a1ebf3bc6bec396887038ed1,328031,73.81039046953596,0.326171875
S-Vw3:d1000,0.5104979632737185,626,0,"{""road"": 626}",,4d10e2b1b15771a3d02e35e2c564703fe507cc93a1ebf3bc6bec396887038ed1,328031,69.60147181942146,0.24609375
