interval_id,trip_id,system,endpoint_error_m,truth_path_length_m,drift_ratio,speed_mae_mps,heading_mae_rad,low_confidence,filter_ok_false
S-Vta11:mid,S-Vta11,latch_sparse_reseed,96.604182,209.759657,0.460547,1.743333,0.686038,42,0
S-Vta29:mid,S-Vta29,latch_sparse_reseed,147.797972,273.610935,0.540176,4.352500,0.174175,111,0
S-Vta29:d1000,S-Vta29,latch_sparse_reseed,522.868809,1025.439039,0.509898,2.572667,0.594453,959,0
S-Vta6:mid,S-Vta6,latch_sparse_reseed,24.292774,537.527157,0.045194,2.425000,0.219818,120,0
S-Vta8:mid,S-Vta8,latch_sparse_reseed,59.215383,327.742489,0.180677,1.932500,0.117189,124,0
S-Vta8:d1000,S-Vta8,latch_sparse_reseed,565.636839,1064.061050,0.531583,4.913494,0.102248,915,0
S-Vtb2:mid,S-Vtb2,latch_sparse_reseed,74.911985,305.516515,0.245198,1.372500,0.937806,114,0
S-Vtb2:d1000,S-Vtb2,latch_sparse_reseed,232.994821,1091.704074,0.213423,4.567273,0.653277,650,0
S-Vtb7:mid,S-Vtb7,latch_sparse_reseed,71.701891,320.067948,0.224021,1.153333,0.860149,38,0
S-Vw3:mid,S-Vw3,latch_sparse_reseed,152.471556,382.681673,0.398429,4.930000,0.484717,104,0
S-Vw3:d1000,S-Vw3,latch_sparse_reseed,481.665774,1125.832703,0.427831,2.662000,0.556631,521,0
