interval_id,baseline,adr014_reproduce,topo_v1,confidence_v1,combined_v1,lateral_heal_v1
S-Vta11:mid,0.4605470055927892,0.7207611921868375,0.6817482347516653,0.4605470055927892,0.4605470055927892,0.4605470055927892
S-Vta29:mid,0.5401756750284612,0.23093329724054937,0.2425205816401905,0.5401756750284612,0.5401756750284612,0.5401756750284612
S-Vta29:d1000,0.5098975069613918,0.6570377646725035,0.6578495750613529,0.5098975069613918,0.5098975069613918,0.5098975069613918
S-Vta6:mid,0.045193574294311194,0.022799410453220707,0.051915529264734014,0.045193574294311194,0.045193574294311194,0.045193574294311194
S-Vta8:mid,0.1806765527585672,0.26895632253810403,0.18072371264645212,0.18067655275856723,0.18067655275856723,0.18067655275856723
S-Vta8:d1000,0.5315830696090421,0.8461063500210421,0.5853197626775861,0.531583069609042,0.531583069609042,0.531583069609042
S-Vtb2:mid,0.24519782635384663,0.2742914496606987,0.2273885148762647,0.24519782635384663,0.24519782635384663,0.24519782635384663
S-Vtb2:d1000,0.21342305735379394,0.2099842755983215,0.2683860627125043,0.21342305735379394,0.21342305735379394,0.21342305735379394
S-Vtb7:mid,0.2240208409208603,0.201475883165936,0.028653589315076198,0.2240208409208603,0.2240208409208603,0.2240208409208603
S-Vw3:mid,0.39842920890925465,0.06896173631543615,0.12076295407554237,0.39842920890925465,0.39842920890925465,0.39842920890925465
S-Vw3:d1000,0.4278306829331777,0.5104979632737185,0.41361498224715076,0.4278306829331777,0.4278306829331777,0.4278306829331777
